{
    "languages": {
        "bangla": {
            "tokenizer": {
                "punctuation": ["।", "!", "?", ",", ".", ";", ":", "(", ")", "-", "_", "@", "#"],
                "word_regex": "\w+|[।!?.,;()\-]"
            },
            "pos_tagger": {
                "rules": {
                    "NOUN": ["ঢাকা", "বাংলাদেশ", "লোক", "ছেলে", "মেয়ে"],
                    "VERB": ["যাচ্ছে", "খাচ্ছে", "গেল", "ভালবাসে"],
                    "ADJ": ["খুব", "বিশাল", "সুন্দর"],
                    "ADV": ["আজ", "কাল", "এখন"],
                    "PUNCT": ["।", "!", "?", ".", ","]
                }
            },
            "ner": {
                "locations": ["ঢাকা", "চট্টগ্রাম", "বাংলাদেশ"],
                "persons": ["রবীন্দ্র", "Tagore", "কবি"],
                "organizations": ["জিপিএইচ", "বাংলাদেশ ব্যাংক"]
            },
            "lemmatizer": {
                "suffixes": ["ে", "রা", "গুলি", "তে", "কে", "বে", "ছেন"]
            }
        },
        "english": {
            "tokenizer": {
                "punctuation": [".", "!", "?", ",", ";", ":", "(", ")", "-", "_", "@", "#"],
                "word_regex": "\w+|[.!?,;()\-]"
            },
            "pos_tagger": {
                "rules": {
                    "NOUN": ["New", "York", "dog", "book"],
                    "VERB": ["is", "eat", "running", "love"],
                    "ADJ": ["big", "beautiful", "quick"],
                    "ADV": ["today", "now", "quickly"],
                    "PUNCT": [".", "!", "?"]
                }
            },
            "ner": {
                "locations": ["New York", "London", "Paris"],
                "persons": ["John", "Alice", "Bob"],
                "organizations": ["Apple", "Microsoft", "Google"]
            },
            "lemmatizer": {
                "suffixes": ["ing", "ed", "s"]
            }
        }
    }
}
